Address,City,State
2505 CARR 841,GUAYNABO,PR
35 CALLE JUAN C BORBON,GUAYNABO,PR
9616 HARFORD RD,BALTIMORE,MD
6918 HAMILTON AVE,CINCINNATI,OH
925 SOUNDVIEW AVE,BRONX,NY
3590 E TREMONT AVE,BRONX,NY
704 CAMBRIDGE BLVD,O FALLON,IL
6807 EVERGREEN WAY,EVERETT,WA
1075 HIGHWAY 96 E,WHITE BEAR LAKE,MN
101 SMITH CHURCH RD,ROANOKE RAPIDS,NC
685 CALLE CESAR GONZALEZ,SAN JUAN,PR
104 E EUCLID AVE,DES MOINES,IA
6962 188TH ST,FRESH MEADOWS,NY
2247 OCEAN HEIGHTS AVE,EGG HARBOR TWP,NJ
370 WHITE PLAINS RD,EASTCHESTER,NY
3053 SW MARTIN DOWNS BLVD,PALM CITY,FL
940 CARR 123,UTUADO,PR
1021 SUMMIT AVE,OCONOMOWOC,WI
992 AVE HOSTOS,MAYAGUEZ,PR
1125 RIDGE RD,WEBSTER,NY
1903 CALUMET AVE,VALPARAISO,IN
1046 YONKERS AVE,YONKERS,NY
274 W CLINTON ST,GRAY,GA
17705 CARR 2,AGUADILLA,PR
5001 W AVENUE N,LANCASTER,CA
201 MAIN ST,GLOUCESTER,MA
5741 SILVER HILL RD,DISTRICT HEIGHTS,MD
2979 AVE EMILIO FAGOT,PONCE,PR
580 AVE SAN LUIS,ARECIBO,PR
400 AVE LA SIERRA,SAN JUAN,PR
2300 OTIS DR,ALAMEDA,CA
215 PALM COAST PKWY NE,PALM COAST,FL
3800 TIPPECANOE RD,YOUNGSTOWN,OH
258 WALLACE RD,BEDFORD,NH
11690 SW 72ND ST,MIAMI,FL
4800 148TH ST,MIDLOTHIAN,IL
1395 W D ST,NORTH WILKESBORO,NC
CALLE PUBLICA AND CARR  2,VEGA BAJA,PR
4501 GRAND AVE,DULUTH,MN
1000 W FRANK AVE,LUFKIN,TX
103 N SHADY ST,MOUNTAIN CITY,TN
610 E VILLA MARIA RD,BRYAN,TX
1717 MILTON AVE,JANESVILLE,WI
11306 US 70 BUSINESS HWY W,CLAYTON,NC
PR 181 AND PR 850,TRUJILLO ALTO,PR
12704 GUY R BREWER BLVD,JAMAICA,NY
7001 ROUTE 130,DELRAN,NJ
7155 US HIGHWAY 431,ALBERTVILLE,AL
12 CALLE TERESA JORNET,SAN JUAN,PR
700 BRIDGEPORT AVE,SHELTON,CT
35 ELM ST,CAMDEN,ME
1349 E REPUBLIC RD,SPRINGFIELD,MO
11745 ROUSBY HALL RD,LUSBY,MD
870 E CERVANTES ST,PENSACOLA,FL
3003 W YAMATO RD,BOCA RATON,FL
100 AVE SAN PATRICIO,GUAYNABO,PR
210 MOUNT HERMON RD,SCOTTS VALLEY,CA
15601 HICKMAN RD,CLIVE,IA
910 N RAND RD,LAKE ZURICH,IL
3650 WHEELER RD,AUGUSTA,GA
1808 UNIVERSITY AVE,OXFORD,MS
643 YAUCO PLAZA II,YAUCO,PR
1601 CHURCH ST,CONWAY,SC
4210 CARR 693,DORADO,PR
601 COLLEGE ST,CLINTON,NC
1525 E KIMBERLY RD,DAVENPORT,IA
11700 SW 104TH ST,MIAMI,FL
7209 W LINCOLN HWY,FRANKFORT,IL
10 MAIN ST,SIDNEY,NY
102 N TIMBERLAND DR,LUFKIN,TX
3077 54TH AVE S,ST PETERSBURG,FL
8615 N PORT WASHINGTON RD,FOX POINT,WI
3689 S HOUSTON LEVEE RD,COLLIERVILLE,TN
4901 SPRING ST,MOUNT PLEASANT,WI
186 MAIN ST,HUDSON,MA
22898 SUSSEX HWY,SEAFORD,DE
7501 OLIVE BLVD,UNIVERSITY CITY,MO
691 CO OP CITY BOULEVARD,BRONX,NY
365 MAIN ST,DAMARISCOTTA,ME
514 FARRELL ST,BURLINGTON,VT
301 W MAIN ST,INDEPENDENCE,KS
9280 WICKER AVE,SAINT JOHN,IN
3948 AIRPORT BLVD,MOBILE,AL
8700 S KEDZIE AVE,EVERGREEN PARK,IL
200 AVE FRAGOSO,CAROLINA,PR
4 CENTRAL SQ,BRIDGEWATER,MA
2822 AMBASSADOR CAFFERY PKWY,LAFAYETTE,LA
1232 HIGHWAY 74 S,PEACHTREE CITY,GA
2532 86TH ST,BROOKLYN,NY
3800 MARKET ST,PASCAGOULA,MS
2203 LANCASTER PIKE,READING,PA
2050 FLORIDA ST,MANDEVILLE,LA
1074 MINERAL SPRING AVE,NORTH PROVIDENCE,RI
10 E KAMEHAMEHA AVE,KAHULUI,HI
1115 AVE 65 INFANTERIA,SAN JUAN,PR
1581 BELLA CRUZ DR,THE VILLAGES,FL
4090 E GALBRAITH RD,DEER PARK,OH
8225 E MAIN ST,RIDGELAND,SC
9554 E LINCOLN HWY,FRANKFORT,IL
16040 CROSSBAY BLVD,HOWARD BEACH,NY
116 W DEPOT ST,ANGIER,NC
398 ANDERSON FERRY RD,CINCINNATI,OH
6071 TELEGRAPH RD,SAINT LOUIS,MO
1770 DEER PARK AVE,DEER PARK,NY
4010 SW 137TH AVE,MIAMI,FL
1720 KINGS HWY,BROOKLYN,NY
3524 N UNIVERSITY ST,PEORIA,IL
PR 190 AND CAMPO RICO,CAROLINA,PR
27440 US HIGHWAY 27,LEESBURG,FL
101 TOWNE DR,FAYETTEVILLE,NY
1130 AVE ASHFORD,CONDADO,PR
6400 W NOB HILL BLVD,YAKIMA,WA
111 W RIDGEWAY AVE,WATERLOO,IA
43 TABB DR,MUNFORD,TN
2600 S SMITHVILLE RD,DAYTON,OH
3574 MONTGOMERY HWY,DOTHAN,AL
1551 RICHMOND AVE,STATEN ISLAND,NY
15111 WALLISVILLE RD,HOUSTON,TX
1111 PENNSYLVANIA AVENUE,BROOKLYN,NY
505 SALEM RD,CONWAY,AR
844 W FREMONT ST,GALESBURG,IL
8310 W DEER VALLEY RD,PEORIA,AZ
5300 MONONA DR,MONONA,WI
108 COTTAGE GROVE RD,MADISON,WI
925 W FULTON ST,WAUPACA,WI
1561 JOHN F KENNEDY BLVD,JERSEY CITY,NJ
4030 ANNAS RETREAT,ST THOMAS,VI
700 E REELFOOT AVE,UNION CITY,TN
4600 KELL BLVD,WICHITA FALLS,TX
400 COLONY BLVD,THE VILLAGES,FL
8 HADDON AVE,HADDON TOWNSHIP,NJ
1710 CROSBY AVE,BRONX,NY
100 S CAROL MALONE BLVD,GRAYSON,KY
2150 PONCE BYP,PONCE,PR
3312 E 29TH ST,BRYAN,TX
3805 80TH ST,KENOSHA,WI
6036 MYRTLE AVE,RIDGEWOOD,NY
11833 S WESTERN AVE,CHICAGO,IL
7649 51 HARFORD ROAD,BALTIMORE,MD
4039 DAYTON BLVD,RED BANK,TN
400 W FAIRCHILD ST,DANVILLE,IL
4521 OLEANDER DR,WILMINGTON,NC
100 BOULEVARD DR,BAYAMON,PR
462 5TH AVE,BROOKLYN,NY
14025 NACOGDOCHES RD,SAN ANTONIO,TX
80 14TH ST SW,ROCHESTER,MN
390 E 162ND ST,SOUTH HOLLAND,IL
STATE RD  149 AND STATED RD  5,JUANA DIAZ,PR
20 BUFORD RD,NORTH CHESTERFIELD,VA
3852 MAIN ST,STONE RIDGE,NY
20002 WOLF RD,MOKENA,IL
2110 SE OCEAN BLVD,STUART,FL
17000 CARR 3,CANOVANAS,PR
717 8TH AVE,MONROE,WI
1802 GALVIN RD S,BELLEVUE,NE
505 PARADISE RD,SWAMPSCOTT,MA
2097 AVE HOSTOS,MAYAGUEZ,PR
3145 W 147TH ST,POSEN,IL
11 E 75TH ST,CHICAGO,IL
90 01 SUTPHIN BOULEVARD,JAMAICA,NY
572 MAIN ST,WAKEFIELD,MA
6310 POPLAR AVE,MEMPHIS,TN
1900 CARR  167 STE #1,TOA ALTA,PR
1968 GRAND AVE,NORTH BALDWIN,NY
8333 MARTIN WAY E,LACEY,WA
190 N FLORISSANT RD,FERGUSON,MO
5800 AVE JESUS T PINERO,CAYEY,PR
3301 PANAMA LN,BAKERSFIELD,CA
300 E F ST,IRON MOUNTAIN,MI
465 MAIN ST,WESTBROOK,ME
33 DEPOT RD,FALMOUTH,ME
704 N MAIN ST,OREGON,WI
8201 GREENLEAF AVE,WHITTIER,CA
1510 REISTERSTOWN RD,PIKESVILLE,MD
2214 MUSCATINE AVE,IOWA CITY,IA
5950 STAGE RD,BARTLETT,TN
610 BYPASS RD,BRANDENBURG,KY
5695 DULUTH ST,GOLDEN VALLEY,MN
2320 BOUDINOT AVE,CINCINNATI,OH
700 N JACKSON ST,TULLAHOMA,TN
3361 N LITCHFIELD RD,GOODYEAR,AZ
815 BRASHEAR AVE,MORGAN CITY,LA
1660 MAIN ST,BUDA,TX
276 W LEE HWY,WARRENTON,VA
2701 FAIRBURN RD,DOUGLASVILLE,GA
880 HIGHWAY 85 S,FAYETTEVILLE,GA
1933 W COURT ST,JANESVILLE,WI
1925 ASHLEY RIVER RD,CHARLESTON,SC
144 BANK ST,SEYMOUR,CT
10500 SAINT CHARLES ROCK RD,SAINT ANN,MO
9001 TWO NOTCH RD,COLUMBIA,SC
396 E MAIN ST,MIDDLETOWN,DE
729 W NORTHLAND AVE,APPLETON,WI
11590 GRAVOIS RD,SAINT LOUIS,MO
121 CALLE CRUZ ORTIZ STELLA S,HUMACAO,PR
12661 OLIVE BLVD,CREVE COEUR,MO
705 HIGHWAY 62 65 N,HARRISON,AR
18039 DUMFRIES SHOPPING PLZ,DUMFRIES,VA
2515 CRAWFORD RD,PHENIX CITY,AL
11216 4TH AVE W,EVERETT,WA
500 CARR 1,CAGUAS,PR
2329 W CLAY ST,SAINT CHARLES,MO
2970 SHASHO PL,WALDORF,MD
1050 N MAIN ST,CHATHAM,IL
3382 CASTRO VALLEY BLVD,CASTRO VALLEY,CA
70 AVE RIO HONDO,BAYAMON,PR
1005 W BEACON ST,PHILADELPHIA,MS
2238 WESTBOROUGH BLVD,SOUTH SAN FRANCISCO,CA
4420 NW FEDERAL HWY,JENSEN BEACH,FL
4 OLD CLAIRTON RD,PLEASANT HILLS,PA
701 WASHINGTON AVE,CHESTERTOWN,MD
1489 AIRWAYS BLVD,MEMPHIS,TN
395 N HIGHWAY 52,MONCKS CORNER,SC
226 HIGH ST,ELLSWORTH,ME
CARR #2 KM 129 7,AGUADILLA,PR
6200 MERLE HAY RD,JOHNSTON,IA
223 TOWNSEND AVE,BOOTHBAY HARBOR,ME
8001 N MILWAUKEE AVE,NILES,IL
1301 S 5TH ST,SAINT CHARLES,MO
2200 TAMIAMI TRL N,NAPLES,FL
4490 E 14TH ST,BROWNSVILLE,TX
7794 S REDWOOD RD,WEST JORDAN,UT
199 E CHURCH ST,JASPER,GA
1880 N BELCHER RD,CLEARWATER,FL
519 CEDAR HILL AVE,WYCKOFF,NJ
8628 S COTTAGE GROVE AVE,CHICAGO,IL
104 N MAIN ST,VERONA,WI
729 ANDERSON AVE,CLIFFSIDE PARK,NJ
7512 LEM TURNER RD,JACKSONVILLE,FL
18461 E HAMPDEN AVE,AURORA,CO
14 COLLEGE HWY,SOUTHAMPTON,MA
5305 BUSINESS HIGHWAY 51 S,WESTON,WI
115 LAKE BLVD E,REDDING,CA
2385 NASHVILLE RD,BOWLING GREEN,KY
1196 OLD COUNTRY RD,RIVERHEAD,NY
2100 NE 139TH ST,VANCOUVER,WA
25 AVE PONCE DE LEON,GUAYNABO,PR
403 GEORGE CLAUSS BLVD,SEVERN,MD
1230 NEPPERHAN AVE,YONKERS,NY
719 BROOKWAY BLVD,BROOKHAVEN,MS
1525 E 23RD ST,FREMONT,NE
21914 MERRICK BLVD,LAURELTON,NY
30957 MILL LN,DAPHNE,AL
2407 BROAD ST,CAMDEN,SC
7008 MARLBORO PIKE,FORESTVILLE,MD
2750 BOSTON RD,BRONX,NY
324 MASSACHUSETTS AVE,ARLINGTON,MA
8450 CORAL WAY,MIAMI,FL
4600 HABERSHAM ST,SAVANNAH,GA
300 W SUGARLAND HWY,CLEWISTON,FL
446 AVE JUAN ROSADO,ARECIBO,PR
50 SOUTH AVE W,CRANFORD,NJ
1302 CLARKSON CLAYTON CTR,ELLISVILLE,MO
3300 RAMSEY ST,FAYETTEVILLE,NC
72 CRESCENT AVE,WALDWICK,NJ
2075 US HIGHWAY 1 S,SAINT AUGUSTINE,FL
4120 HEMPSTEAD TPKE,BETHPAGE,NY
5825 CAHILL AVE,INVER GROVE HEIGHTS,MN
1801 N 14TH AVE,DODGE CITY,KS
4700 GILBERT AVE,WESTERN SPRINGS,IL
1619 FRANKLIN RD,BRENTWOOD,TN
3020 MAYFIELD RD,CLEVELAND HEIGHTS,OH
2933 VAUXHALL RD,VAUXHALL,NJ
1251 S STATE ROAD 7,DAVIE,FL
4142 PONTCHARTRAIN DR,SLIDELL,LA
1448 N US HIGHWAY 1,TEQUESTA,FL
1500 W JAMES ST,COLUMBUS,WI
10639 S CICERO AVE,OAK LAWN,IL
1210 KILDAIRE FARM RD,CARY,NC
2401 S BRENTWOOD BLVD,BRENTWOOD,MO
1138 W TENNYSON RD,HAYWARD,CA
950 HIGHWAY 51 N,COVINGTON,TN
45 EISENHOWER PKWY,ROSELAND,NJ
2479 CHURCH RD,TOMS RIVER,NJ
521 LONE OAK RD,PADUCAH,KY
1700 WEST RD,TRENTON,MI
6401 SISSONVILLE DR,CHARLESTON,WV
1725 NORTHPORT DR,MADISON,WI
603 WOODLAWN RD,LINCOLN,IL
1391 BIG BEND RD,BALLWIN,MO
11917 REISTERSTOWN RD,REISTERSTOWN,MD
2275 N MAYFAIR RD,WAUWATOSA,WI
3480 AVE MILITAR,ISABELA,PR
1963 CALLE LOIZA,SAN JUAN,PR
CARR 3 KM 23 9,RIO GRANDE,PR
5999 PEMBROKE RD,HOLLYWOOD,FL
402 N MAIN ST,ELMIRA,NY
216 WESTLAKE CTR,DALY CITY,CA
2 WEST MAIN STREET,CLAXTON,GA
2841 NICHOLS ST,SPENCERPORT,NY
2505 W DIVISION ST,SAINT CLOUD,MN
595 WASHINGTON ST,CANTON,MA
750 NW 119TH ST,MIAMI,FL
4296 ROUTE 130,WILLINGBORO,NJ
1810 W TYLER AVE,HARLINGEN,TX
3160 N HIGHWAY 67,FLORISSANT,MO
5705 COTTAGE HILL RD,MOBILE,AL
1461 ROBERT B CULLUM BLVD,DALLAS,TX
205 W 27TH ST,SCOTTSBLUFF,NE
8701 HIGHWAY 69 S,TUSCALOOSA,AL
AVE HOSTOS ESQ CARR 831,BAYAMON,PR
11950 VALLEY VIEW ST,GARDEN GROVE,CA
121 DEPOT DR,WACONIA,MN
350 HIGHWAY 62 E,MOUNTAIN HOME,AR
3400 MILITARY HWY,PINEVILLE,LA
1301 W BASE LINE ST,SAN BERNARDINO,CA
2100 E RIDGE RD,IRONDEQUOIT,NY
700 W PARK AVE,GREENWOOD,MS
2706 AVE MARUCA,PONCE,PR
1 CALLE MARGINAL,GUAYAMA,PR
2204 NEVA RD,ANTIGO,WI
1001 AVE PEDRO ALBIZU CAMPOS,SALINAS,PR
11200 PROVIDENCE RD W,CHARLOTTE,NC
500 EGG HARBOR RD,SEWELL,NJ
405 S HILL ST,GRIFFIN,GA
590 MADISON RD,CULPEPER,VA
2920 CARTER HILL RD,MONTGOMERY,AL
4740 W 95TH ST,OAK LAWN,IL
2271 BALFOUR RD,BRENTWOOD,CA
612 4TH ST NW,FARIBAULT,MN
15900 NW 27TH AVE,OPA LOCKA,FL
6600 W STATE ST,WAUWATOSA,WI
6400 HAVEN AVE,RANCHO CUCAMONGA,CA
8500 NEW FALLS RD,LEVITTOWN,PA
2030 BLVD LUIS A FERRE,PONCE,PR
4049 BRAMBLETON AVE,ROANOKE,VA
405 BROADWAY,EVERETT,MA
100 BROADWAY,ELMWOOD PARK,NJ
6325 ROSEMEAD BLVD,SAN GABRIEL,CA
540 MOUNTAIN VIEW RD,RAPID CITY,SD
3593 CLEVELAND AVE,FORT MYERS,FL
4600 COCONUT CREEK PKWY,COCONUT CREEK,FL
150 CARR 857,CAROLINA,PR
9301 HIGHWAY 119,ALABASTER,AL
W62N190 WASHINGTON AVE,CEDARBURG,WI
10640 ROCKAWAY BEACH BLVD,ROCKAWAY PARK,NY
1700 LARKIN AVE,ELGIN,IL
9 SUSIE WILSON RD,ESSEX JUNCTION,VT
14095 RICHMOND HWY,WOODBRIDGE,VA
6798 N LINCOLN AVE,LINCOLNWOOD,IL
3531 THOMASVILLE RD,TALLAHASSEE,FL
600 WASHINGTON BLVD S,LAUREL,MD
1554 E 55TH ST,CHICAGO,IL
1290 CHESTNUT ST,ORANGEBURG,SC
700 GALLATIN AVE,NASHVILLE,TN
3480 JEROME AVE,BRONX,NY
351 N EDWARDS BLVD,LAKE GENEVA,WI
9043 DARROW RD,TWINSBURG,OH
2350 BOONVILLE RD,BRYAN,TX
12 E EMPIRE AVE,SPOKANE,WA
132 GRANITE ST,QUINCY,MA
6101 W 70TH ST,SHREVEPORT,LA
1901 PRAIRIE AVE,BELOIT,WI
1131 E SUPERIOR ST,DULUTH,MN
2102 MONTAUK HWY,BRIDGEHAMPTON,NY
987 UNION AVE,MEMPHIS,TN
75 MAIN ST,DANBURY,CT
130 S EUFAULA AVE,EUFAULA,AL
12802 E 96TH ST N,OWASSO,OK
717 N BROAD ST,EDENTON,NC
19203 STONE OAK PKWY,SAN ANTONIO,TX
400 AVE MUNOZ RIVERA,SAN JUAN,PR
333 EL CAMINO REAL,SAN BRUNO,CA
200 E ROOSEVELT RD,VILLA PARK,IL
16 PECK FARM RD,WINTHROP,ME
665 LONG POND RD,ROCHESTER,NY
123 ANDERSON STREET,HACKENSACK,NJ
15255 SW 137TH AVE,MIAMI,FL
90 WEST AVE,SARATOGA SPRINGS,NY
2119 CONCORD PIKE,WILMINGTON,DE
7650 W SAND LAKE RD,ORLANDO,FL
1110 LARPENTEUR AVE W,SAINT PAUL,MN
3655 S DIXIE HWY,MIAMI,FL
1415 HEMPSTEAD TPKE,ELMONT,NY
1419 NEWKIRK AVE,BROOKLYN,NY
331 N PACIFIC COAST HWY,EL SEGUNDO,CA
170 N MAIN ST,RANDOLPH,MA
2205 N CALHOUN RD,BROOKFIELD,WI
135 S LIBERTY DR,STONY POINT,NY
1209 N BRIDGE ST,ELKIN,NC
699 WALLACE RD NW,SALEM,OR
3326 W MERCURY BLVD,HAMPTON,VA
550 CARRETERRA  #167,BAYAMON,PR
13680 SW 88TH ST,MIAMI,FL
1050 US HIGHWAY 60 E,REPUBLIC,MO
PLAZA ENCANTADA URB  ENCANTADA,TRUJILLO ALTO,PR
4600 WESTBANK EXPY,MARRERO,LA
3600 FERN VALLEY RD,LOUISVILLE,KY
275 MONROE TPKE,MONROE,CT
1306 N BECKLEY AVE,DALLAS,TX
1906 W INNES ST,SALISBURY,NC
5731 BIRD RD,MIAMI,FL
990 BAXTER AVE,LOUISVILLE,KY
1111 HIGHLAND AVE,SELMA,AL
920 US HIGHWAY 431,BOAZ,AL
5780 TERRY RD,BYRAM,MS
15575 E 127TH ST,LEMONT,IL
1401 W PIERCE ST,CARLSBAD,NM
11236 E LAKEWOOD BLVD,HOLLAND,MI
1999 GRAND AVE,WEST DES MOINES,IA
2135 CARR 2,BAYAMON,PR
2130 RICHEY ST,PASADENA,TX
2000 CELANESE RD,ROCK HILL,SC
7339 GRAVOIS AVE,SAINT LOUIS,MO
327 CHESTNUT ST,UNION,NJ
2901 FORT CAMPBELL BLVD,HOPKINSVILLE,KY
2795 LEWISVILLE CLEMMONS RD,CLEMMONS,NC
3150 S SENECA ST,WICHITA,KS
1235 W STATE ST,HURRICANE,UT
1350 GARRETT ST,ENUMCLAW,WA
2411 S DAY ST,BRENHAM,TX
22 AVE WINSTON CHURCHILL,SAN JUAN,PR
8 W 63RD ST,WESTMONT,IL
240 AVENUE A,TURNERS FALLS,MA
6350 N MACARTHUR BLVD,WARR ACRES,OK
5564 BROADWAY,BRONX,NY
314 ROLKIN RD,CHARLOTTESVILLE,VA
27112 132ND AVE SE,KENT,WA
5190 POPLAR AVE,MEMPHIS,TN
77 MALLETT DR,TOPSHAM,ME
195 N CANAL BLVD,THIBODAUX,LA
407 W GLEN PARK AVE,GRIFFITH,IN
44840 MONTEREY AVE,PALM DESERT,CA
2280 W MAIN ST,MEDFORD,OR
2203 TEXAS PKWY,MISSOURI CITY,TX
12490 CENTRAL AVE,CHINO,CA
5508 BRIDGETOWN RD,CINCINNATI,OH
1633 W 95TH ST,CHICAGO,IL
1400 E SUMNER ST,HARTFORD,WI
6205 FM 2770,KYLE,TX
939 N WISCONSIN ST,ELKHORN,WI
101 W US HIGHWAY 20,MICHIGAN CITY,IN
9810 APOLLO DR,LARGO,MD
3501 FOREST DR,COLUMBIA,SC
5703 S SAGINAW RD,GRAND BLANC,MI
4822 CATON FARM RD,PLAINFIELD,IL
2907 HIGHWAY 160 W,FORT MILL,SC
5890 N BELT W,BELLEVILLE,IL
384 OIL WELL RD,JACKSON,TN
2016 S HOUSTON LEVEE RD,COLLIERVILLE,TN
3800 POPLAR LEVEL RD,LOUISVILLE,KY
365 NEW SHACKLE ISLAND RD,HENDERSONVILLE,TN
430 SPENCERPORT RD,ROCHESTER,NY
2995 E FLAMINGO RD,LAS VEGAS,NV
25401 75TH ST,SALEM,WI
159 E GRAND AVE,HOT SPRINGS,AR
412 E MAIN ST,LOUISA,VA
1477 MAIN ST,DUNEDIN,FL
15442 N 99TH AVE,SUN CITY,AZ
1309 RICHMOND RD,WILLIAMSBURG,VA
918 MAIN ST,SOUTH FARMINGDALE,NY
4497 FAR HILLS AVE,KETTERING,OH
100 N WATER ST,BURNET,TX
222 E BROADWAY,COLUMBIA,MO
950 E COMMERCE ST,HERNANDO,MS
3216 E CLEAR LAKE AVE,SPRINGFIELD,IL
1330 N WOODLAWN ST,WICHITA,KS
13880 TOWNE PLACE BLVD,ORLANDO,FL
215 ANDREWS HWY,MIDLAND,TX
355 N EOLA RD,AURORA,IL
1107 E DIXIE DR,ASHEBORO,NC
1000 E NORTHWEST HWY,ARLINGTON HEIGHTS,IL
16 ROUTE 59,NYACK,NY
498 N WEBER RD,ROMEOVILLE,IL
7620 S US HIGHWAY 1,PORT SAINT LUCIE,FL
1221 N LAKE ST,AURORA,IL
121 E EL CAMINO REAL,MOUNTAIN VIEW,CA
7685 S RAINBOW BLVD,LAS VEGAS,NV
1241 W FOOTHILL BLVD,UPLAND,CA
2500 GRANT ST,GARY,IN
10707 W PEORIA AVE,SUN CITY,AZ
640 EDWARDSVILLE RD,TROY,IL
11 PEARL ST,BRAINTREE,MA
4202 S CARRIER PKWY,GRAND PRAIRIE,TX
URB ROLLING HLS,CAROLINA,PR
5709 W AMARILLO BLVD,AMARILLO,TX
9820 OLD HAMMOND HWY,BATON ROUGE,LA
6495 TROY PIKE,HUBER HEIGHTS,OH
1010 OLD BARNWELL RD,WEST COLUMBIA,SC
1109 PALM COAST PKWY SW,PALM COAST,FL
3470 RIVER RAPIDS DR NW,COON RAPIDS,MN
11121 SIERRA AVE,FONTANA,CA
2001 MADISON AVE,GRANITE CITY,IL
28 MAIN AVE,LOGAN,WV
5504 BALBOA AVE,SAN DIEGO,CA
1645 COLUMBIA TPKE,CASTLETON,NY
7422 TOWN SQUARE AVE,O FALLON,MO
1228 BATTLEFIELD PKWY,FT OGLETHORPE,GA
9100 TELEGRAPH RD,TAYLOR,MI
300 STATE HIGHWAY 13,WISCONSIN DELLS,WI
393 FRONT ST,HEMPSTEAD,NY
7601 HIGHWAY 70 S,BELLEVUE,TN
7576 SKYWAY,PARADISE,CA
2600 VINE ST,HAYS,KS
110 LAKE SHORE DR W,ASHLAND,WI
8975 N CHESTNUT AVE,FRESNO,CA
4520 WESTERN CENTER BLVD,HALTOM CITY,TX
220 FOOTHILLS MALL DR,MARYVILLE,TN
4440 HIGHWAY 411,MADISONVILLE,TN
15390 NEW HALLS FERRY RD,FLORISSANT,MO
101 CARR 1,CAGUAS,PR
6795 CALDER AVE,BEAUMONT,TX
20505 SHERMAN WAY,CANOGA PARK,CA
975 S BABCOCK ST,MELBOURNE,FL
4100 WILLIAMS BLVD,KENNER,LA
2300 PECAN BLVD,MCALLEN,TX
2985 S CHICAGO AVE,SOUTH MILWAUKEE,WI
22401 LAKE SHORE BLVD,EUCLID,OH
7100 SILVER LAKE BLVD,ALEXANDRIA,VA
10134 RIVER RD,POTOMAC,MD
860 EAST AVE,CHICO,CA
4625 SUMMER AVE,MEMPHIS,TN
501 PLAINFIELD RD,WILLOWBROOK,IL
429 AVE BARBOSA,SAN JUAN,PR
6300 HIXSON PIKE,CHATTANOOGA,TN
2008 LAURENS RD,GREENVILLE,SC
12576 RILEY ST,HOLLAND,MI
2615 BURNSED BLVD,THE VILLAGES,FL
3142 S SERVICE DR,RED WING,MN
9621 BELAIR RD,BALTIMORE,MD
3003 OLD ALABAMA RD,ALPHARETTA,GA
115 FIELDS ST,MOORESVILLE,IN
5000 BRANDT PIKE,HUBER HEIGHTS,OH
4415 STATE ROAD 16,LA CROSSE,WI
3200 N OAK STREET EXT,VALDOSTA,GA
16741 CANAL RD,CLINTON TWP,MI
8595 W WARM SPRINGS RD,LAS VEGAS,NV
2505 JOHN HAWKINS PKWY,HOOVER,AL
1230 N WEBB RD,GRAND ISLAND,NE
2100 BRANDON ST SW,HUNTSVILLE,AL
1250 E CHAPMAN AVE,FULLERTON,CA
2014 S BROAD ST,PHILADELPHIA,PA
2517 KALISTE SALOOM RD,LAFAYETTE,LA
30 W RIDGE PIKE,LIMERICK,PA
46965 CEDAR LAKE PLZ,STERLING,VA
1780 ZUMBEHL RD,SAINT CHARLES,MO
80 CARR 308,CABO ROJO,PR
915 WILDWOOD RD,WHITE BEAR LAKE,MN
2840 W AVENUE L,LANCASTER,CA
600 US ROUTE 1,SCARBOROUGH,ME
8571 WATSON RD,WEBSTER GROVES,MO
2570 BARATARIA BLVD,MARRERO,LA
2018 AUGUSTA ST,GREENVILLE,SC
1000 BROAD ST,SUMTER,SC
5122 TUSCARAWAS ST W,CANTON,OH
6505 N ILLINOIS ST,FAIRVIEW HEIGHTS,IL
9978 KENNERLY RD,SAINT LOUIS,MO
7606 S 7TH ST,PHOENIX,AZ
1659 PENFIELD RD,ROCHESTER,NY
147 N COMRIE AVE,JOHNSTOWN,NY
1601 S CONGRESS AVE,BOYNTON BEACH,FL
1138 SABBATH HOME RD SW,HOLDEN BEACH,NC
34909 EMERALD COAST PKWY,DESTIN,FL
1 PALMER AVE,CORINTH,NY
2519 KETTERING ST,JANESVILLE,WI
703 NEWBRIDGE RD,NORTH BELLMORE,NY
15711 SW 152ND ST,MIAMI,FL
4296 S 76TH ST,GREENFIELD,WI
12659 S RIDGELAND AVE,PALOS HEIGHTS,IL
14 SOUNDVIEW MARKET PL,PORT WASHINGTON,NY
6975 YORK AVE S,EDINA,MN
3913 W OLD SHAKOPEE RD,BLOOMINGTON,MN
4895 PALM AVE,HIALEAH,FL
3770 N WOODLAWN BLVD,WICHITA,KS
77 105 BLOOMFIELD AVE,BLOOMFIELD,NJ
5403 N BEND RD,CINCINNATI,OH
541 W 235TH ST,BRONX,NY
3855 S MOORLAND RD,NEW BERLIN,WI
4120 AUSTELL RD,AUSTELL,GA
2104 MCCALLIE AVE,CHATTANOOGA,TN
12506 HIGHWAY 73,GEISMAR,LA
333 PHILLIPS BLVD,SAUK CITY,WI
1001 BOWLES AVE,FENTON,MO
7113 CERMAK RD,BERWYN,IL
9430 BLUE RIDGE BLVD,KANSAS CITY,MO
5428 LYNDALE AVE S,MINNEAPOLIS,MN
11119 HULL STREET RD,MIDLOTHIAN,VA
5450 PLANK RD,BATON ROUGE,LA
5555 W 79TH ST,BURBANK,IL
10870 OVERSEAS HWY,MARATHON,FL
6201 ELYSIAN FIELDS AVE,NEW ORLEANS,LA
1311 ROUTE 37 W,TOMS RIVER,NJ
421 9TH AVE SE,WATERTOWN,SD
3488 ROBINHOOD RD,WINSTON SALEM,NC
1012 N CENTRAL AVE,MARSHFIELD,WI
10555 W OVERLAND RD,BOISE,ID
600 GAP NEWPORT PIKE,AVONDALE,PA
9325 POPLAR AVE,GERMANTOWN,TN
692 SW PRIMA VISTA BLVD,PORT SAINT LUCIE,FL
901 MAIN ST,ASBURY PARK,NJ
3580 STATE ROUTE 66,NEPTUNE,NJ
6730 BLUFFTON RD,FORT WAYNE,IN
6551 FOREST HILL DR,FOREST HILL,TX
859 E MAIN ST,LANCASTER,OH
600 J CLYDE MORRIS BLVD,NEWPORT NEWS,VA
200 LAFOLLETTE STA S,FLOYDS KNOBS,IN
320 MAIN ST,PRESQUE ISLE,ME
475 ROUTE 17M,MONROE,NY
1870 E HISTORIC HIGHWAY 66,GALLUP,NM
4201 DALE RD,MODESTO,CA
4899 NW BLITCHTON RD,OCALA,FL
600 S HIGHWAY 27,SOMERSET,KY
4423 ASHEVILLE HWY,KNOXVILLE,TN
835 PARK AVE,BLOOMFIELD,CT
115 E STATE ROAD 434,LONGWOOD,FL
4300 SE 29TH ST,DEL CITY,OK
41 PARK PLZ,MECHANICVILLE,NY
1317 S MAIN ST,WEATHERFORD,TX
104 E PARKWOOD AVE,FRIENDSWOOD,TX
3000 VISTA BLVD,SPARKS,NV
600 STONE COVE LN,CARY,NC
735 CABARRUS AVE W,CONCORD,NC
2475 US HIGHWAY 1,MIMS,FL
3700 FALLS RD,BALTIMORE,MD
2805 N ROOSEVELT BLVD,KEY WEST,FL
12105 PACIFIC AVE S,TACOMA,WA
1660 W LOCUST ST,DAVENPORT,IA
505 COLLEGE AVE,VINCENNES,IN
9209 MANSFIELD RD,SHREVEPORT,LA
2104 E NC HIGHWAY 54,DURHAM,NC
1620 S BROADWAY AVE,TYLER,TX
1520 N SCHOOL ST,HONOLULU,HI
231 PROSPECT ST,SOUTH RIVER,NJ
900 AVE SAN JOSE,QUEBRADILLAS,PR
2420 E COLONIAL DR,ORLANDO,FL
12240 N MAY AVE,OKLAHOMA CITY,OK
7235 W 10TH ST,INDIANAPOLIS,IN
451 FM 548,FORNEY,TX
12006 MANCHESTER RD,DES PERES,MO
1600 N NOVA RD,HOLLY HILL,FL
1204 THE BLVD,RAYNE,LA
1620 S GORDON ST,ALVIN,TX
401 PARADISE RD,MODESTO,CA
2304 E LINCOLNWAY,CHEYENNE,WY
101 W UNIVERSITY DR,DENTON,TX
375 W CONTINENTAL RD,GREEN VALLEY,AZ
4520 BALFOUR RD,BRENTWOOD,CA
5 LAKE ST,STAMFORD,NY
1260 LIBERTY RD,ELDERSBURG,MD
3822 S KINGSHIGHWAY BLVD,SAINT LOUIS,MO
1300 E HALLANDALE BEACH BLVD,HALLANDALE BEACH,FL
6317 LIMESTONE RD,HOCKESSIN,DE
17 W GOLF RD,DES PLAINES,IL
3555 GREENWOOD RD,SHREVEPORT,LA
340 W WASHINGTON ST,BRAINERD,MN
100 NW PARK ST,OKEECHOBEE,FL
49 WASHINGTON AVE,NORTH HAVEN,CT
12290 S PULASKI RD,ALSIP,IL
105 E 6TH ST,CARROLL,IA
602 EUCLID AVE,SAN DIEGO,CA
1316 BATTLEFIELD BLVD N,CHESAPEAKE,VA
118 W CONSTANCE RD,SUFFOLK,VA
710 N WALES RD,NORTH WALES,PA
1790 W GOVERNMENT ST,BRANDON,MS
62 W GRAY RD,GRAY,ME
680 E BURLEIGH BLVD,TAVARES,FL
3825 DURAND AVE,RACINE,WI
1051 OAK ST,NORTH AURORA,IL
350 CAMBRIDGE RD,WOBURN,MA
2935 GARDEN ST,TITUSVILLE,FL
28100 S TAMIAMI TRL,BONITA SPRINGS,FL
429 N STATE OF FRANKLIN RD,JOHNSON CITY,TN
1404 SUPERIOR ST,LINCOLN,NE
16803 LORAIN AVE,CLEVELAND,OH
820 N DEKALB ST,SHELBY,NC
100 W HARFORD ST,MILFORD,PA
14440 WARWICK BLVD,NEWPORT NEWS,VA
1008 CENTER POINT PL,FRANKLIN,TN
3605 COLLEGE ST,BEAUMONT,TX
33670 US HIGHWAY 19 N,PALM HARBOR,FL
34402 N SCOTTSDALE RD,SCOTTSDALE,AZ
1530 LAFAYETTE AVE,SAINT LOUIS,MO
35279 VINE ST,WILLOWICK,OH
3801 S OLD HIGHWAY 94,SAINT PETERS,MO
1291 TASHA DR,SHAKOPEE,MN
10660 EASTEX FWY,HOUSTON,TX
138 SW MILITARY DR,SAN ANTONIO,TX
250 CARR 153,SANTA ISABEL,PR
10697 ULMERTON RD,LARGO,FL
221 CALLE GAUTIER BENITEZ,CAGUAS,PR
12311 N NC HIGHWAY 150,WINSTON SALEM,NC
4766 E QUEEN CREEK RD,GILBERT,AZ
4617 E MAIN ST,WHITEHALL,OH
101 8TH ST SE,ALTOONA,IA
810 W 21ST ST,NORFOLK,VA
2455 EASTERN AVE,PLYMOUTH,WI
2656 N WAUWATOSA AVE,WAUWATOSA,WI
100 W 3RD ST,DONALSONVILLE,GA
1705 US HIGHWAY 1,VERO BEACH,FL
1305 N CASALOMA DR,GRAND CHUTE,WI
600 COUNTY ROAD 10 NE,BLAINE,MN
2598 BAYSHORE BLVD,DUNEDIN,FL
201 HILLSBORO ST,OXFORD,NC
1200 GREENBRIER PKWY,CHESAPEAKE,VA
1100 E 63RD ST,KANSAS CITY,MO
107 HIGH ST,DANVERS,MA
4075 CHEROKEE ST NW,KENNESAW,GA
15295 COLLIER BLVD,NAPLES,FL
1008 AVE AMERICO MIRANDA,SAN JUAN,PR
1204 1ST AVE E,NEWTON,IA
1033 SHOOTING PARK RD,PERU,IL
13307 NEW HAMPSHIRE AVE,SILVER SPRING,MD
189 W NORTHWEST HWY,BARRINGTON,IL
3441 KILDAIRE FARM RD,CARY,NC
1595 OPOSSUMTOWN PIKE,FREDERICK,MD
2099 FORD PKWY,SAINT PAUL,MN
4220 MANATEE AVE W,BRADENTON,FL
588 S JEFFERSON AVE,LEBANON,MO
5006 BOONSBORO RD,LYNCHBURG,VA
955 SE BASELINE ST,HILLSBORO,OR
869 2ND AVE,TROY,NY
5301 SUMMERVILLE RD,PHENIX CITY,AL
758 ARTHUR KILL RD,STATEN ISLAND,NY
2331 S ATLANTIC BLVD,MONTEREY PARK,CA
140 WATER ST,RED BANK,NJ
7901 RITCHIE HWY,GLEN BURNIE,MD
89 HENRY ST,FREEPORT,NY
6707 PITTSFORD PALMYRA RD,FAIRPORT,NY
2801 S 4TH AVE,YUMA,AZ
5601 SARATOGA BLVD,CORPUS CHRISTI,TX
1810 30TH AVE,KENOSHA,WI
91 CALEF HWY,LEE,NH
8310 ABRAMS RD,DALLAS,TX
4575 ALTAMA AVE,BRUNSWICK,GA
4985 WELLINGTON RD,GAINESVILLE,VA
9110 LIBERTY RD,RANDALLSTOWN,MD
3046 ROUTE 38,MOUNT LAUREL,NJ
920 W GLORIA SWITCH RD,LAFAYETTE,LA
627 E 12TH ST,WASHINGTON,NC
2300 E LOHMAN AVE,LAS CRUCES,NM
8400 171ST ST,TINLEY PARK,IL
901 W TOUHY AVE,PARK RIDGE,IL
1490 N ROCHESTER RD,ROCHESTER,MI
3500 SE MARICAMP RD,OCALA,FL
22 N CONSTITUTION DR,AURORA,IL
100 CHALUPSKY AVE SE,NEW PRAGUE,MN
1849 W SUNSET BLVD,ST GEORGE,UT
5317 WILLIAMS DR,GEORGETOWN,TX
1295 E MAIN ST,ROCK HILL,SC
840 OAKDALE RD,MODESTO,CA
2815 N ASHLEY ST,VALDOSTA,GA
1915 WISCONSIN AVE,GRAFTON,WI
20 W KINGS HWY,MOUNT EPHRAIM,NJ
615 CARR 152,NARANJITO,PR
321 BATTLEFIELD BLVD S,CHESAPEAKE,VA
6201 SALTSBURG RD,PITTSBURGH,PA
3715 MECHANICSVILLE TPKE,RICHMOND,VA
8714 E BRAINERD RD,CHATTANOOGA,TN
869 E AVALON ST,KUNA,ID
1905 SE 164TH AVE,VANCOUVER,WA
16675 OAK PARK AVE,TINLEY PARK,IL
930 ELK GROVE TOWN CTR,ELK GROVE VILLAGE,IL
3320 CHINO HILLS PKWY,CHINO HILLS,CA
1850 LOGAN AVE,WATERLOO,IA
203 W FERGUSON RD,MOUNT PLEASANT,TX
1708 W NORTHWEST BLVD,SPOKANE,WA
4203 CALLE MARGINAL,FAJARDO,PR
CARR  PR #2 KM  93 7,CAMUY,PR
3245 AGENCY ST,BURLINGTON,IA
3296 VILLAGE DR,FAYETTEVILLE,NC
5040 BEATTIES FORD RD,CHARLOTTE,NC
4855 COMMERCIAL DR,NEW HARTFORD,NY
1312 CHAIN BRIDGE ROAD,MCLEAN,VA
68 S MAIN ST,HAVERHILL,MA
350 CARR 830,BAYAMON,PR
2301 S ONEIDA ST,ASHWAUBENON,WI
395 DANFORTH AVE,JERSEY CITY,NJ
1060 E JOHNSON ST,FOND DU LAC,WI
757 GALLIVAN BLVD,DORCHESTER,MA
807 S MAIN ST,DEFOREST,WI
2940 W MAIN ST,DOTHAN,AL
151 E MAIN ST,DOVER FOXCROFT,ME
1005 BAY RIDGE AVE,ANNAPOLIS,MD
20 ARNOT ST,LODI,NJ
3489 SEMINOLE TRL,CHARLOTTESVILLE,VA
COMMANDANTE AND CAMPO RICO,CAROLINA,PR
2148 MORRIS AVE,UNION,NJ
1050 E US HIGHWAY 377,GRANBURY,TX
9100 W BELOIT RD,MILWAUKEE,WI
476 W UNION AVE,BOUND BROOK,NJ
9450 SW WILSONVILLE RD,WILSONVILLE,OR
23925 NEWHALL RANCH RD,SANTA CLARITA,CA
7780 N WICKHAM RD,MELBOURNE,FL
3221 BAYSHORE RD,NORTH CAPE MAY,NJ
3800 ELM ST,SAINT CHARLES,MO
4361 HIGHWAY 24,ANDERSON,SC
901 N ANKENY BLVD,ANKENY,IA
2351 DAWSON RD,ALBANY,GA
1138 MAIN AVE,CLIFTON,NJ
35800 US HWY 27 N,HAINES CITY,FL
2101 MORGAN AVE,CORPUS CHRISTI,TX
655 WARREN AVE,EAST PROVIDENCE,RI
711 MAIN ST,DENNISPORT,MA
780 WAUKEGAN RD,DEERFIELD,IL
23110 ALDINE WESTFIELD RD,SPRING,TX
9005 N NAVARRO ST,VICTORIA,TX
3590 VIRGINIA AVE,COLLINSVILLE,VA
7535 HOLABIRD AVE,BALTIMORE,MD
2172 PENFIELD RD,PENFIELD,NY
34503 YUCAIPA BLVD,YUCAIPA,CA
400 W SAM RIDLEY PKWY,SMYRNA,TN
1200 W FAYETTE AVE,EFFINGHAM,IL
3475 E 17TH ST,AMMON,ID
8989 W DODGE RD,OMAHA,NE
2020 COURT ST,PEKIN,IL
1965 DONEGAL DR,WOODBURY,MN
340 N MAIN ST,KERNERSVILLE,NC
12 MAIN ST,EPPING,NH
431 HAMILTON ST,GENEVA,NY
3950 N DEAN RD,ORLANDO,FL
7600 DEBARR RD,ANCHORAGE,AK
602 W LIBERTY ST,WAUCONDA,IL
2651 KIRKWOOD HWY,NEWARK,DE
65 WESTERN AVE,HAMPDEN,ME
2532 N ILLINOIS ST,SWANSEA,IL
208 PARK AVE,RUTHERFORD,NJ
3144 N HIGHLAND AVE,JACKSON,TN
5900 CALLE REAL,GOLETA,CA
5809 FOOTHILL BLVD,OAKLAND,CA
1762 MARS HILL RD NW,ACWORTH,GA
7921 SW HIGHWAY 200,OCALA,FL
1751 ROCK PRAIRIE RD,COLLEGE STATION,TX
5340 SOUTEL DR,JACKSONVILLE,FL
1502 INDUSTRIAL RD,EMPORIA,KS
12295 BISCAYNE BLVD,NORTH MIAMI,FL
2402 VILLAGE GREEN PL,CHAMPAIGN,IL
8651 HIGHWAY 377 S,BENBROOK,TX
313 W ESPERANZA BLVD,GREEN VALLEY,AZ
238 MCMECHEN ST,BALTIMORE,MD
1127 6TH AVE SE,DECATUR,AL
2444 DALLAS HWY SW,MARIETTA,GA
441 N KIRKWOOD RD,KIRKWOOD,MO
1991 E APPLE AVE,MUSKEGON,MI
359 STATE ROUTE 23,SUSSEX,NJ
5415 S BROADWAY AVE,TYLER,TX
128 E BRANDON BLVD,BRANDON,FL
4971 S MEMORIAL DR,TULSA,OK
1000 AVE RAMON LUIS RIVERA,BAYAMON,PR
2719 ANDERSON AVE,MANHATTAN,KS
1212 SUMMIT AVE,JERSEY CITY,NJ
11801 S AVENUE O,CHICAGO,IL
915 S US HIGHWAY 1,VERO BEACH,FL
2405 PASS RD,BILOXI,MS
240 CENTRAL AVE,ORANGE,NJ
901 MAIN AVE,DE PERE,WI
82 ELMORE RD,CROSSVILLE,TN
1001 S 78TH ST,TAMPA,FL
39527 HIGHWAY 42,PRAIRIEVILLE,LA
22456 BARTON RD,GRAND TERRACE,CA
499 SALT LICK RD,SAINT PETERS,MO
8210 WINTON RD,CINCINNATI,OH
4814 N SHERIDAN RD,PEORIA,IL
2035 CANDLER RD,DECATUR,GA
103 INDIAN ROCKS RD S,BELLEAIR BLUFFS,FL
185 CENTRE ST,MALDEN,MA
201 HANBURY RD E,CHESAPEAKE,VA
116 N MILITARY AVE,GREEN BAY,WI
1542 WAYNE AVE,DAYTON,OH
112 BROWNS WAY RD,MIDLOTHIAN,VA
2605 BARNA AVE,TITUSVILLE,FL
2040 GLEN ELLYN RD,GLENDALE HTS,IL
1122 VAUGHN RD,WOOD RIVER,IL
1150 E SIBLEY BLVD,DOLTON,IL
1115 W WASHINGTON ST,MARQUETTE,MI
2560 QUARRY LAKE DR,BALTIMORE,MD
9320 LACKLAND RD,OVERLAND,MO
184 LINCOLN ST,HINGHAM,MA
385 NORTHLAND BLVD,CINCINNATI,OH
8300 NORTHERN LIGHTS DR,LINCOLN,NE
17051 BEAR VALLEY RD,HESPERIA,CA
1300 HAZELWOOD DR,SMYRNA,TN
4218 LINDELL BLVD,SAINT LOUIS,MO
7634 BELLAIRE BLVD,HOUSTON,TX
575 LISBON ST,LISBON FALLS,ME
383 WASHINGTON AVE,HILLSDALE,NJ
355 MARKET SQUARE DR,PRINCE FREDERICK,MD
6608 GEORGE WASHINGTON MEM HWY,YORKTOWN,VA
100 12TH AVE NE,NORMAN,OK
4302 DITMARS BLVD,ASTORIA,NY
13023 S LA GRANGE RD,PALOS PARK,IL
2920 BERLIN TPKE,NEWINGTON,CT
7620 JEFFERSON HWY,BATON ROUGE,LA
9495 MEXICO RD,O FALLON,MO
325 LAFAYETTE AVE,HAWTHORNE,NJ
655 ELM PL,HIGHLAND PARK,IL
13613 US HIGHWAY 1,SEBASTIAN,FL
275 BROADWAY,AMITYVILLE,NY
4330 HIGHWAY 22,MANDEVILLE,LA
5000 E STATE HIGHWAY 100,PALM COAST,FL
9801 BROOK RD,GLEN ALLEN,VA
13155 W CENTER RD,OMAHA,NE
786 SAINT GEORGES AVE,RAHWAY,NJ
6001 W CHEYENNE AVE,LAS VEGAS,NV
981 N SHAWANO ST,NEW LONDON,WI
590 RUSS AVE,WAYNESVILLE,NC
603 W CHURCH ST,LEXINGTON,TN
2300 GRAND CENTRAL AVE,VIENNA,WV
1616 BLACK RIVER BLVD N,ROME,NY
9310 SW 56TH ST,MIAMI,FL
2460 STATE ROUTE 52,PINE BUSH,NY
5201 BELT LINE RD,DALLAS,TX
2995 YGNACIO VALLEY RD,WALNUT CREEK,CA
27 BROADWAY ST,COLCHESTER,CT
4025 W NORTHERN PKWY,BALTIMORE,MD
1450 IMMOKALEE DR,IMMOKALEE,FL
1460 STATE ROUTE 23,WAYNE,NJ
4875 E ELLIOT RD,PHOENIX,AZ
1920 ALOMA AVE,WINTER PARK,FL
3320 BELL ST,AMARILLO,TX
3888 VINEVILLE AVE,MACON,GA
2109 WILMA RUDOLPH BLVD,CLARKSVILLE,TN
104 ASHEVILLE HWY,GREENEVILLE,TN
11215 NEW HAMPSHIRE AVE,SILVER SPRING,MD
1602 N DIXIE AVE,ELIZABETHTOWN,KY
3233 S 27TH ST,MILWAUKEE,WI
593 MARKET ST,ELMWOOD PARK,NJ
6458 LINTON BLVD,DELRAY BEACH,FL
1740 CENTER AVE,JANESVILLE,WI
17522 BEACH BLVD,HUNTINGTON BEACH,CA
6S235 STEEPLE RUN DR,NAPERVILLE,IL
303 DEVEREAUX DR,NATCHEZ,MS
4210 E STATE ROAD 64,BRADENTON,FL
100 E SIOUX AVE,PIERRE,SD
99 WESTFIELD ST,WEST SPRINGFIELD,MA
2500 S KOKE MILL RD,SPRINGFIELD,IL
611 SAN RAMON VALLEY BLVD,DANVILLE,CA
1042 NORD AVE,CHICO,CA
18040 R PLZ,OMAHA,NE
9580 KENWOOD RD,BLUE ASH,OH
4100 BOSQUE BLVD,WACO,TX
1021 3RD ST,NEW MARTINSVILLE,WV
8633 W CHARLESTON BLVD,LAS VEGAS,NV
10800 W CAPITOL DR,WAUWATOSA,WI
131 S MAIN ST,HIAWASSEE,GA
5600 W TOUHY AVE,NILES,IL
540 BUSHY HILL RD,SIMSBURY,CT
5798 MCCLELLAN HWY,BRANCHLAND,WV
2100 BROOKS ST,MISSOULA,MT
2915 N CENTER ST,HICKORY,NC
ARROYO TOWN CENTER #800 CARRE,ARROYO,PR
1012 CLEVELAND BLVD,CALDWELL,ID
1210 WILMINGTON AVE,NEW CASTLE,PA
47 HOPATCHUNG RD,HOPATCONG,NJ
2811 N MAIN ST,ANDERSON,SC
1029 N 14TH ST,SHEBOYGAN,WI
2509 WHITE TAIL DR,CEDAR FALLS,IA
2781 LAVISTA RD,DECATUR,GA
1224 S TAMIAMI TRL,SARASOTA,FL
3300 CENTER ST,DEER PARK,TX
9801 BROWNSBORO RD,LOUISVILLE,KY
7299 LAGUNA BLVD,ELK GROVE,CA
529 TALCOTTVILLE RD,VERNON ROCKVILLE,CT
2220 S INTERSTATE 35,ROUND ROCK,TX
4540 LACEY BLVD SE,LACEY,WA
9150 DEVLIN RD,BRISTOW,VA
2710 N UNIVERSITY DR,HOLLYWOOD,FL
10427 BIG BEND RD,RIVERVIEW,FL
100 W JUDGE PEREZ DR,CHALMETTE,LA
1665 MINERAL SPRING AVE,NORTH PROVIDENCE,RI
1750 GENESEE ST,UTICA,NY
12881 PERKINS RD,BATON ROUGE,LA
1900 CAMERON ST,RALEIGH,NC
15911 PINES BLVD,PEMBROKE PINES,FL
400 JUNCOS PLZ,JUNCOS,PR
5435 E DUPONT RD,FORT WAYNE,IN
11509 ABERCORN ST,SAVANNAH,GA
501 CAPERTON DR,RICHMOND,KY
11650 E 86TH ST N,OWASSO,OK
12509 DORSETT RD,MARYLAND HEIGHTS,MO
10420 FOREST HILL BLVD,WELLINGTON,FL
6101 ANDREWS RD,MENTOR ON THE LAKE,OH
955 N STATE ST,JACKSON,MS
3400 MOUNTAIN RD,PASADENA,MD
8265 CHAMPIONS GATE BLVD,CHAMPIONS GATE,FL
316 W ASPEN AVE,FRUITA,CO
7814 LINDEN BLVD,HOWARD BEACH,NY
4515 CAMP BOWIE BLVD,FORT WORTH,TX
1955 SULLIVAN TRL,EASTON,PA
9865 GLADES RD,BOCA RATON,FL
17970 N TAMIAMI TRL,NORTH FORT MYERS,FL
409 RAMAPO VALLEY RD,OAKLAND,NJ
5913 CARSON ST,LAKEWOOD,CA
31 CAVALRY DR,NEW CITY,NY
484 S TELEGRAPH RD,MONROE,MI
1920 DOUGLAS AVE,RACINE,WI
6028 S NC 16 HWY,MAIDEN,NC
1100 2ND ST S,SARTELL,MN
7525 SHERIDAN RD,KENOSHA,WI
10 AVE FENWAL,SAN GERMAN,PR
1654 N PEBBLE CREEK PKWY,GOODYEAR,AZ
900 MAIN AVE,MOORHEAD,MN
2979 LINDEN ST,BETHLEHEM,PA
6865 W TROPICANA AVE,LAS VEGAS,NV
2320 23RD ST,COLUMBUS,NE
5815 GULL RD,KALAMAZOO,MI
943 WESTERN AVE,MANCHESTER,ME
9449 S HOWELL AVE,OAK CREEK,WI
7776 COX LN,WEST CHESTER,OH
806 ODD FELLOWS RD,CROWLEY,LA
770 S HIGHWAY 160,PAHRUMP,NV